<?xml version="1.0" encoding="UTF-8" standalone="yes"?>
<addon id="repository.vbabc" name="vbabc Repo" version="1.0.1" provider-name="vbabc">
	<extension point="xbmc.addon.repository" name="vbabc">
		<dir>
			<info compressed="false">https://raw.githubusercontent.com/vbabc/vbabc/master/repo/zips/addons.xml</info>
			<checksum>https://raw.githubusercontent.com/vbabc/vbabc/master/repo/zips/addons.xml.md5</checksum>
			<datadir zip="true">https://raw.githubusercontent.com/vbabc/vbabc/master/repo/zips/</datadir>
		</dir>
		<dir minversion="19.0">
            <info compressed="false">https://tobalan.github.io/addons.xml</info>
            <checksum>https://tobalan.github.io/addons.xml.md5</checksum>
            <datadir zip="true">https://tobalan.github.io/Zips</datadir>
        </dir>
	    <dir>
            <info compressed="false">https://raw.githubusercontent.com/jurialmunkey/repository.jurialmunkey/master/repo/zips/addons.xml</info>
            <checksum>https://raw.githubusercontent.com/jurialmunkey/repository.jurialmunkey/master/repo/zips/addons.xml.md5</checksum>
            <datadir zip="true">https://raw.githubusercontent.com/jurialmunkey/repository.jurialmunkey/master/repo/zips/</datadir>
        </dir>
        <dir minversion="20.9.1">
            <info compressed="false">https://raw.githubusercontent.com/jurialmunkey/repository.jurialmunkey/master/omega/zips/addons.xml</info>
            <checksum>https://raw.githubusercontent.com/jurialmunkey/repository.jurialmunkey/master/omega/zips/addons.xml.md5</checksum>
            <datadir zip="true">https://raw.githubusercontent.com/jurialmunkey/repository.jurialmunkey/master/omega/zips/</datadir>
        </dir>
		<dir>
	        <info compressed="false">https://raw.githubusercontent.com/Gujal00/smrzips/master/addons.xml</info>
	        <checksum>https://raw.githubusercontent.com/Gujal00/smrzips/master/addons.xml.md5</checksum>
	        <datadir zip="true">https://raw.githubusercontent.com/Gujal00/smrzips/master/zips/</datadir>
		</dir>
		<dir>
			<info compressed="false">https://raw.github.com/Gujal00/GujalKodiWork/master/addons.xml</info>
			<checksum>https://raw.github.com/Gujal00/GujalKodiWork/master/addons.xml.md5</checksum>
			<datadir zip="true">https://raw.github.com/Gujal00/GujalKodiWork/master/zips/</datadir>
		</dir>
        <dir>
            <info compressed="false">https://raw.githubusercontent.com/Goldenfreddy0703/repository.otaku/master/repo/zips/addons.xml</info>
            <checksum>https://raw.githubusercontent.com/Goldenfreddy0703/repository.otaku/master/repo/zips/addons.xml.md5</checksum>
            <datadir zip="true">https://raw.githubusercontent.com/Goldenfreddy0703/repository.otaku/master/repo/zips/</datadir>
        </dir>
		<dir>
           <info compressed="false">https://raw.githubusercontent.com/Gujal00/smrzips/master/addons.xml</info>
           <checksum>https://raw.githubusercontent.com/Gujal00/smrzips/master/addons.xml.md5</checksum>
           <datadir zip="true">https://raw.githubusercontent.com/Gujal00/smrzips/master/zips/</datadir>
        </dir>
		<dir minversion="18.9.9">
			<info compressed="false">https://raw.githubusercontent.com/thecrewwh/zips/master/matrix/_zip/addons.xml</info>
			<checksum>https://raw.githubusercontent.com/thecrewwh/zips/master//matrix/_zip/addons.xml.md5</checksum>
			<datadir zip="true">https://raw.githubusercontent.com/thecrewwh/zips/master//matrix/_zip</datadir>
		</dir>
		<dir>
		<info compressed="false">https://raw.githubusercontent.com/dobbelina/repository.dobbelina/master/addons.xml</info>
			<checksum>https://raw.githubusercontent.com/dobbelina/repository.dobbelina/master/addons.xml.md5</checksum>
			<datadir zip="true">https://raw.githubusercontent.com/dobbelina/repository.dobbelina/master/</datadir>
		</dir>
		<dir>
			<info compressed="false">https://slyguy.uk/.repo/repository.slyguy/addons.xml</info>
			<checksum>https://slyguy.uk/.repo/repository.slyguy/addons.xml.md5</checksum>
			<datadir zip="true">https://slyguy.uk/.repo/repository.slyguy/</datadir>
    	</dir>
	</extension>
	<extension point="xbmc.addon.metadata">
		<summary>vbabc Repo</summary>
		<description>vbabc Repo - Un-official Kodi addons repository</description>
		<disclaimer></disclaimer>
		<platform>all</platform>
		<assets>
			<icon>icon.png</icon>
		</assets>
	</extension>
</addon>